0,1,2,3,4,5,6,7,8,9,10,11,12,13,14,15,16,17,18,19,20,21,22,23,24,25,26,27,28,29,30,31,32,33,34,35,36,37,38,39,40,41,42,43,44,45,46,47,48,49,50,51,52,53,54,55,56,57,58,59,60,61,62
0.617504894733429,0.6720283031463623,-3.104934620523636e-08,0.5849168300628662,0.6382055878639221,0.007003355771303177,0.5755771994590759,0.592414379119873,0.010628372430801392,0.5684313178062439,0.5581230521202087,0.011374598369002342,0.5587473511695862,0.5349220633506775,0.012302126735448837,0.5957565903663635,0.5452662706375122,0.013453924097120762,0.5722104907035828,0.49474412202835083,0.007320542819797993,0.5514349937438965,0.4626697301864624,0.0005937722744420171,0.5337367653846741,0.43817901611328125,-0.004316464066505432,0.601124107837677,0.543802797794342,0.003968910779803991,0.5732886791229248,0.49194031953811646,-0.0033401893451809883,0.5512208342552185,0.45824766159057617,-0.010802957229316235,0.5310992002487183,0.4316885471343994,-0.015833497047424316,0.6027969121932983,0.5458916425704956,-0.0062703476287424564,0.576424241065979,0.49652722477912903,-0.012648693285882473,0.5552738904953003,0.4650791585445404,-0.0159317459911108,0.5367067456245422,0.4398040473461151,-0.017868204042315483,0.6013405919075012,0.5497685074806213,-0.01663518138229847,0.58140629529953,0.5083601474761963,-0.021917548030614853,0.5658420920372009,0.4837465286254883,-0.023274846374988556,0.5509512424468994,0.4643637239933014,-0.02381114847958088
0.6144606471061707,0.6708533763885498,-7.447376759728286e-08,0.5857163071632385,0.6387894749641418,0.002378918696194887,0.5766375660896301,0.5958858728408813,0.0033506671898066998,0.5691145658493042,0.5593928098678589,0.0024444558657705784,0.5571582317352295,0.5348936319351196,0.001875698915682733,0.6008971333503723,0.5456504225730896,0.009803236462175846,0.5745632648468018,0.49469026923179626,0.0032195078674703836,0.5519700050354004,0.4645232856273651,-0.0046396562829613686,0.533271312713623,0.4430263340473175,-0.009946580044925213,0.6035339832305908,0.5425962209701538,0.003482963191345334,0.5746527910232544,0.4919780492782593,-0.001650906982831657,0.5522251129150391,0.46095117926597595,-0.008947613649070263,0.5326723456382751,0.43963372707366943,-0.014394814148545265,0.602152943611145,0.5441564917564392,-0.0039274077862501144,0.5767313838005066,0.4964158833026886,-0.008137060329318047,0.5554810762405396,0.4660184979438782,-0.01186078879982233,0.5368698835372925,0.44439637660980225,-0.01469607837498188,0.5977606773376465,0.5485388040542603,-0.011800119653344154,0.578222393989563,0.507645845413208,-0.015173956751823425,0.5627703666687012,0.4823889136314392,-0.016384998336434364,0.5478229522705078,0.4627887010574341,-0.017007142305374146
0.5993224382400513,0.6546966433525085,-1.3519293240449315e-08,0.571135401725769,0.6280571222305298,-0.003665773430839181,0.5606147646903992,0.5893843770027161,-0.005993836093693972,0.5535565614700317,0.5559319853782654,-0.009397721849381924,0.542005717754364,0.5328865647315979,-0.012002898380160332,0.5786729454994202,0.5310459136962891,0.0037923576310276985,0.5510145425796509,0.4861445724964142,-0.005852226633578539,0.5279850959777832,0.4567810297012329,-0.015718933194875717,0.5092613101005554,0.43361738324165344,-0.02230875752866268,0.5813857316970825,0.5268096923828125,-0.0010104066459462047,0.5504505038261414,0.4807417094707489,-0.009378951974213123,0.5276843905448914,0.4483194053173065,-0.017324524000287056,0.5077371001243591,0.42359665036201477,-0.02257254160940647,0.5806313157081604,0.5269513726234436,-0.007502866443246603,0.5522208213806152,0.4833914637565613,-0.014896823093295097,0.5324351191520691,0.45429494976997375,-0.018203340470790863,0.5153237581253052,0.43148094415664673,-0.019762026146054268,0.577663242816925,0.5309574007987976,-0.01521180011332035,0.556239902973175,0.49354287981987,-0.020462078973650932,0.5405303239822388,0.46966132521629333,-0.021239636465907097,0.5260026454925537,0.44960954785346985,-0.020910993218421936
0.6041388511657715,0.656692385673523,-2.9437980941793285e-08,0.5723751187324524,0.630180835723877,-0.003600065130740404,0.560353696346283,0.5903102159500122,-0.007351145148277283,0.5532130599021912,0.5569826364517212,-0.01201560441404581,0.5425121188163757,0.5338255167007446,-0.01600934937596321,0.5789784789085388,0.5316144227981567,-0.0016274170484393835,0.5504592657089233,0.48582255840301514,-0.012577202171087265,0.5286176204681396,0.4554186463356018,-0.022233890369534492,0.5110686421394348,0.43130654096603394,-0.028913160786032677,0.5833950638771057,0.5290616154670715,-0.006942369509488344,0.552819550037384,0.4845910966396332,-0.017222551628947258,0.5309465527534485,0.45514899492263794,-0.02522256225347519,0.5124209523200989,0.4327976703643799,-0.030528370290994644,0.5844528079032898,0.5317131280899048,-0.01355112623423338,0.5557975172996521,0.4903137683868408,-0.022014042362570763,0.5352698564529419,0.46299561858177185,-0.02499939128756523,0.5185810327529907,0.44162967801094055,-0.026701366528868675,0.5820938348770142,0.5395516157150269,-0.02122068591415882,0.5599721074104309,0.5061517357826233,-0.027782650664448738,0.5438387989997864,0.48429781198501587,-0.029064297676086426,0.529465913772583,0.4656033515930176,-0.029218625277280807
0.5986156463623047,0.6460225582122803,-7.848093730444816e-08,0.5737647414207458,0.6178303360939026,-0.007678368128836155,0.557336688041687,0.5807013511657715,-0.01603446900844574,0.5489488244056702,0.5532048344612122,-0.024729283526539803,0.5400692224502563,0.5378305315971375,-0.03184215724468231,0.5689393281936646,0.5237632989883423,-0.012609905563294888,0.5351152420043945,0.476982057094574,-0.025198768824338913,0.5118540525436401,0.4495369791984558,-0.03296463564038277,0.4933140277862549,0.4258616864681244,-0.03800712153315544,0.5722591876983643,0.5233219861984253,-0.015576669946312904,0.5385065078735352,0.517090916633606,-0.03365713730454445,0.5393549799919128,0.5372830629348755,-0.0374547578394413,0.5475317239761353,0.5456982851028442,-0.03663495555520058,0.5699623227119446,0.5283066630363464,-0.019488384947180748,0.5391986966133118,0.5243588089942932,-0.033139053732156754,0.5425926446914673,0.5438237190246582,-0.02822812832891941,0.5515466332435608,0.5488242506980896,-0.022034553810954094,0.5653210282325745,0.5332093238830566,-0.02468051202595234,0.5440149307250977,0.5178909301757812,-0.0305777620524168,0.5397548675537109,0.5226936340332031,-0.025599971413612366,0.5394759178161621,0.5206872224807739,-0.02014160342514515
0.5990979671478271,0.6477055549621582,4.6118802998762476e-08,0.569455623626709,0.6231604814529419,-0.005122663918882608,0.5553914904594421,0.587483286857605,-0.011759270913898945,0.547393262386322,0.5579837560653687,-0.01897643879055977,0.5384188294410706,0.5365051627159119,-0.025577014312148094,0.5682470798492432,0.5243116617202759,-0.007161394692957401,0.5364136099815369,0.48311328887939453,-0.017632363364100456,0.5150200724601746,0.45667535066604614,-0.02679038979113102,0.4980913996696472,0.43375763297080994,-0.033217523247003555,0.5699403285980225,0.5214908719062805,-0.011819306761026382,0.5369322299957275,0.4787317216396332,-0.022155629470944405,0.5140417814254761,0.45054104924201965,-0.029504481703042984,0.4957074224948883,0.4283613860607147,-0.034446775913238525,0.5674548149108887,0.5245611667633057,-0.017384372651576996,0.5370992422103882,0.48479604721069336,-0.02455052360892296,0.5167482495307922,0.45812875032424927,-0.02656554989516735,0.5015661120414734,0.4353366792201996,-0.028118349611759186,0.5612431168556213,0.5314655303955078,-0.024111416190862656,0.5393551588058472,0.4976171553134918,-0.028772208839654922,0.5241549611091614,0.47662681341171265,-0.028784746304154396,0.5117192268371582,0.4572898745536804,-0.028488092124462128
0.5884565711021423,0.6454145908355713,7.603158991287273e-08,0.5627214908599854,0.6132986545562744,-0.0004811722901649773,0.5505378842353821,0.5764603018760681,-0.004310941323637962,0.5446625351905823,0.5462128520011902,-0.009545478969812393,0.5380497574806213,0.5269540548324585,-0.01453581266105175,0.5521739721298218,0.5286958813667297,-0.0024681563954800367,0.5239039659500122,0.4867282509803772,-0.011557254940271378,0.5036934614181519,0.4603193998336792,-0.019345255568623543,0.4884565770626068,0.4375446140766144,-0.024672534316778183,0.5548691153526306,0.5247758626937866,-0.008106805384159088,0.5230404138565063,0.4848399758338928,-0.01616392284631729,0.5014065504074097,0.45800158381462097,-0.021619778126478195,0.4847249984741211,0.4356963634490967,-0.025254206731915474,0.5556042194366455,0.5274574756622314,-0.014366158284246922,0.525093674659729,0.4929332435131073,-0.01990252174437046,0.5061106085777283,0.4690018892288208,-0.021493174135684967,0.49252840876579285,0.44913575053215027,-0.023023463785648346,0.5549439191818237,0.535885214805603,-0.02138485573232174,0.5353329181671143,0.51591956615448,-0.024846795946359634,0.5236544013023376,0.5056607127189636,-0.023980846628546715,0.5154201984405518,0.4974994957447052,-0.023184092715382576
0.5907698273658752,0.6458867192268372,7.629251541629856e-08,0.5640198588371277,0.6204559803009033,-0.005371464882045984,0.5510082244873047,0.5850677490234375,-0.010798203758895397,0.5450754165649414,0.5549177527427673,-0.016617782413959503,0.5378154516220093,0.5364169478416443,-0.021938063204288483,0.5557529330253601,0.5309175848960876,-0.0064733559265732765,0.526345431804657,0.4899989664554596,-0.01688554883003235,0.505826473236084,0.46321171522140503,-0.025833962485194206,0.4896172285079956,0.4406793415546417,-0.03194114565849304,0.5584840774536133,0.5258818864822388,-0.010005012154579163,0.5265230536460876,0.48693403601646423,-0.019763216376304626,0.5042510628700256,0.46020668745040894,-0.026580022647976875,0.4864019751548767,0.43720847368240356,-0.03079349361360073,0.5582590103149414,0.5276535749435425,-0.014456984587013721,0.5276772379875183,0.4950833320617676,-0.02153095044195652,0.5077870488166809,0.47065070271492004,-0.023739393800497055,0.4928377866744995,0.44965553283691406,-0.025157907977700233,0.5555528402328491,0.5354451537132263,-0.020093785598874092,0.5347736477851868,0.5150856971740723,-0.02469862625002861,0.5223955512046814,0.5048715472221375,-0.024075256660580635,0.5135226845741272,0.49594277143478394,-0.023040015250444412
0.5818402171134949,0.649800717830658,5.9186081813322744e-08,0.5592895150184631,0.6192891597747803,-0.002470828592777252,0.5485398769378662,0.5835502743721008,-0.007226184476166964,0.5415809154510498,0.5552114844322205,-0.012877026572823524,0.5333265662193298,0.5377736687660217,-0.01834118366241455,0.5520130395889282,0.5349888801574707,-0.004560906905680895,0.5212717056274414,0.49849554896354675,-0.014031016267836094,0.5003146529197693,0.475408136844635,-0.022162476554512978,0.4843273460865021,0.45428231358528137,-0.027869153767824173,0.552211582660675,0.5320000052452087,-0.009302676655352116,0.5183822512626648,0.49556639790534973,-0.018575962632894516,0.49572062492370605,0.4698123335838318,-0.025302646681666374,0.47709688544273376,0.4468475878238678,-0.029907049611210823,0.5495502948760986,0.535688042640686,-0.01466798409819603,0.5178068280220032,0.50163334608078,-0.021755138412117958,0.497591495513916,0.47759997844696045,-0.024940963834524155,0.48192089796066284,0.4567262530326843,-0.027332212775945663,0.5444338917732239,0.5444760322570801,-0.020762242376804352,0.5242874026298523,0.5208630561828613,-0.025955837219953537,0.5108472108840942,0.5065163373947144,-0.026908399537205696,0.4998317062854767,0.49359023571014404,-0.02737469971179962
0.5775012373924255,0.6547361016273499,2.150955680235711e-08,0.5563255548477173,0.6213092803955078,0.002421358833089471,0.5423144102096558,0.5838038921356201,0.0009047312778420746,0.5342891216278076,0.5582552552223206,-0.002120104618370533,0.5279948115348816,0.5448740720748901,-0.005173196084797382,0.5402674674987793,0.5459994077682495,-0.002064293250441551,0.508944571018219,0.509259819984436,-0.010263977572321892,0.48773884773254395,0.4846062958240509,-0.016778018325567245,0.47126713395118713,0.463379442691803,-0.021038595587015152,0.5411468744277954,0.5423146486282349,-0.008176279254257679,0.5072475075721741,0.5055235624313354,-0.015761051326990128,0.4855191111564636,0.4802592992782593,-0.020199716091156006,0.4679435193538666,0.45883217453956604,-0.022889522835612297,0.539568305015564,0.5451747179031372,-0.01437700167298317,0.508178174495697,0.5124372839927673,-0.01903597079217434,0.4882262349128723,0.4895087480545044,-0.01963571086525917,0.4729878008365631,0.46917325258255005,-0.020093105733394623,0.5360938310623169,0.5523629188537598,-0.02095904015004635,0.513515293598175,0.5250974893569946,-0.024112634360790253,0.49747759103775024,0.5073451995849609,-0.023390067741274834,0.4843020439147949,0.49139636754989624,-0.0224518571048975
0.5778302550315857,0.6552509665489197,4.390054897385198e-08,0.5570390224456787,0.6212899684906006,0.001127679948695004,0.5431572198867798,0.5841440558433533,-0.001072704908438027,0.5350757241249084,0.5577881336212158,-0.004799684509634972,0.5282602310180664,0.5426773428916931,-0.008359315805137157,0.5434502363204956,0.5451409220695496,-0.0007696106331422925,0.512053370475769,0.5090516209602356,-0.00905960239470005,0.4907228946685791,0.485027551651001,-0.016088072210550308,0.4735798239707947,0.4637564420700073,-0.020917562767863274,0.5438368320465088,0.5417606234550476,-0.006935654208064079,0.5101088285446167,0.5066370964050293,-0.015254422090947628,0.48843422532081604,0.4814317524433136,-0.021330157294869423,0.4702395498752594,0.45975935459136963,-0.025320572778582573,0.5403487682342529,0.5444414019584656,-0.013550137169659138,0.5083335041999817,0.5103934407234192,-0.01965322159230709,0.48686593770980835,0.4849853217601776,-0.022528450936079025,0.46920913457870483,0.46278536319732666,-0.024386798962950706,0.5338727831840515,0.5503917336463928,-0.020543159916996956,0.5088890194892883,0.5201296210289001,-0.024800673127174377,0.49216508865356445,0.5001195073127747,-0.025408245623111725,0.4777364730834961,0.4815625250339508,-0.025490470230579376
0.5729910731315613,0.655606210231781,3.6815489323771544e-08,0.5610352158546448,0.6092800498008728,0.0087742256000638,0.5433804988861084,0.5707071423530579,0.01056782528758049,0.5262184143066406,0.5494710206985474,0.009348510764539242,0.5117950439453125,0.5366382002830505,0.007717521861195564,0.546454906463623,0.5466142296791077,0.006408791523426771,0.5132632255554199,0.5090785026550293,-0.0006606634706258774,0.4895191788673401,0.4836956560611725,-0.006193002685904503,0.4702405333518982,0.4629237949848175,-0.009722898714244366,0.5429606437683105,0.5459871888160706,-0.003031315514817834,0.5067765712738037,0.5051526427268982,-0.010158965364098549,0.4839962422847748,0.47754812240600586,-0.015199135057628155,0.464941143989563,0.4544707238674164,-0.0182961393147707,0.5341982841491699,0.5509459972381592,-0.01242444571107626,0.5003690123558044,0.5111107230186462,-0.01716957986354828,0.4785495400428772,0.48459845781326294,-0.019952356815338135,0.46054258942604065,0.4615257978439331,-0.02167045883834362,0.5216394662857056,0.5598951578140259,-0.021393734961748123,0.49612584710121155,0.526015043258667,-0.02421177737414837,0.4789164960384369,0.5041617751121521,-0.02448752522468567,0.46379128098487854,0.4852869510650635,-0.024401333183050156
0.5730307102203369,0.6566070318222046,1.6313421724589716e-08,0.5577019453048706,0.6116174459457397,0.007317149545997381,0.5388781428337097,0.5718271136283875,0.009120061993598938,0.5206977128982544,0.5492232441902161,0.008327241986989975,0.5064983367919922,0.5355179309844971,0.007399723865091801,0.5433293581008911,0.5481327772140503,0.005203691776841879,0.5098650455474854,0.5101299285888672,-0.0015645414823666215,0.4870646893978119,0.4846666753292084,-0.006689026020467281,0.4682638943195343,0.46368297934532166,-0.009996592067182064,0.5405056476593018,0.5474576950073242,-0.003288076724857092,0.505158007144928,0.5064456462860107,-0.010933191515505314,0.4833064377307892,0.4790954291820526,-0.01618865318596363,0.4643787145614624,0.45556843280792236,-0.019130762666463852,0.5330274105072021,0.5517455339431763,-0.011747609823942184,0.5004580616950989,0.5113775730133057,-0.017195576801896095,0.47926822304725647,0.4838181138038635,-0.02017858438193798,0.46094846725463867,0.45916232466697693,-0.02167707495391369,0.522117555141449,0.5596731305122375,-0.019808726385235786,0.49625295400619507,0.5251030921936035,-0.022964103147387505,0.4791892170906067,0.5028495192527771,-0.023155149072408676,0.46429678797721863,0.483314573764801,-0.022783644497394562
0.5713329911231995,0.6626711487770081,3.024182859689972e-08,0.5598161816596985,0.6166248321533203,0.008849825710058212,0.5418643355369568,0.5744447708129883,0.011520030908286572,0.5241835117340088,0.551317572593689,0.01125852670520544,0.5094035267829895,0.5370810031890869,0.010809161700308323,0.5439738631248474,0.551330029964447,0.006649339105933905,0.5107195973396301,0.5114647150039673,-0.00015474649262614548,0.4885784387588501,0.48452672362327576,-0.0049778129905462265,0.47033780813217163,0.4629245400428772,-0.007940600626170635,0.5401661992073059,0.5516730546951294,-0.002868376672267914,0.5048224329948425,0.507725715637207,-0.010269037447869778,0.4827451705932617,0.4790777266025543,-0.01514527015388012,0.4640869200229645,0.45496898889541626,-0.01786862313747406,0.5310233235359192,0.5572212338447571,-0.012349473312497139,0.4984718859195709,0.5135326981544495,-0.017803020775318146,0.4765722453594208,0.4848964512348175,-0.021235696971416473,0.45819270610809326,0.4597068428993225,-0.02305728755891323,0.5172294974327087,0.5675197839736938,-0.021308450028300285,0.4915350675582886,0.530924916267395,-0.024812141433358192,0.4746030569076538,0.5081869959831238,-0.025666294619441032,0.45969587564468384,0.4889335334300995,-0.025796938687562943
0.571804404258728,0.666907787322998,2.0737838113404905e-08,0.5598063468933105,0.6215728521347046,0.008186399936676025,0.541658341884613,0.5784082412719727,0.010690894909203053,0.5240138173103333,0.5548312664031982,0.010362822562456131,0.5097134113311768,0.5416756868362427,0.009952802211046219,0.5439667701721191,0.5527589321136475,0.00703577883541584,0.5105806589126587,0.5130635499954224,0.0003566067316569388,0.48870715498924255,0.48576825857162476,-0.004608105402439833,0.4707214832305908,0.46385759115219116,-0.007760975044220686,0.5397526025772095,0.5529670715332031,-0.002140997676178813,0.5043250918388367,0.5090997815132141,-0.009664325974881649,0.48270636796951294,0.4801318645477295,-0.014956588856875896,0.4644421637058258,0.45562028884887695,-0.017892252653837204,0.5304754376411438,0.5579797029495239,-0.011352350935339928,0.4981454610824585,0.514040470123291,-0.01704847253859043,0.47623372077941895,0.4842289686203003,-0.02094566635787487,0.4578512907028198,0.4580210745334625,-0.023000795394182205,0.5169727206230164,0.5675578713417053,-0.020080100744962692,0.49090349674224854,0.5310119986534119,-0.023592451587319374,0.4738260507583618,0.5074150562286377,-0.024508895352482796,0.4591142237186432,0.4870363175868988,-0.024670442566275597
0.5719869136810303,0.67182856798172,4.506082973421144e-08,0.5558434128761292,0.6296054720878601,0.007547322195023298,0.5384519100189209,0.5853301286697388,0.009541799314320087,0.5222514867782593,0.558440625667572,0.008811124600470066,0.508374035358429,0.5407297015190125,0.008210554718971252,0.5450106859207153,0.5561184883117676,0.007392433006316423,0.5136610269546509,0.5132119059562683,0.0011125693563371897,0.4918057322502136,0.48438602685928345,-0.0037710752803832293,0.4736190140247345,0.46190983057022095,-0.0069922492839396,0.5415230393409729,0.5553284287452698,-0.0016067769611254334,0.5074058175086975,0.5079134106636047,-0.008854940533638,0.48531991243362427,0.4784260392189026,-0.014070162549614906,0.46679988503456116,0.4546116888523102,-0.016906360164284706,0.5318605899810791,0.5603813529014587,-0.010706019587814808,0.49974116683006287,0.5133187770843506,-0.016299517825245857,0.47738945484161377,0.48325246572494507,-0.019580665975809097,0.45891255140304565,0.4578838646411896,-0.02116929553449154,0.5164260268211365,0.5711011290550232,-0.019370393827557564,0.4902310371398926,0.5317263603210449,-0.02292136661708355,0.4731992483139038,0.5076684951782227,-0.023383785039186478,0.45863619446754456,0.48750901222229004,-0.023094240576028824
0.5721185803413391,0.6741693615913391,3.975138795908606e-08,0.5544931292533875,0.6312522292137146,0.008471060544252396,0.5368034839630127,0.5871081352233887,0.010849696584045887,0.5204141139984131,0.5601165294647217,0.010208317078649998,0.5064043402671814,0.5419902801513672,0.009628736414015293,0.5431732535362244,0.5564166903495789,0.009387458674609661,0.5122543573379517,0.5133260488510132,0.003410364268347621,0.4908205270767212,0.48394161462783813,-0.0016057915054261684,0.47303563356399536,0.4608236253261566,-0.004957383964210749,0.5398715734481812,0.555774450302124,6.554877472808585e-05,0.506486177444458,0.5082352161407471,-0.006561123300343752,0.48510101437568665,0.47854968905448914,-0.011798557825386524,0.4670141339302063,0.45456361770629883,-0.014747992157936096,0.5306185483932495,0.560562789440155,-0.009364916943013668,0.4994733929634094,0.5135452151298523,-0.014110754244029522,0.4776778817176819,0.483426570892334,-0.01707722619175911,0.45963528752326965,0.4581335783004761,-0.018591228872537613,0.5158029794692993,0.5709019303321838,-0.018388666212558746,0.4903712272644043,0.5310944318771362,-0.021102208644151688,0.47362226247787476,0.5068784952163696,-0.021134955808520317,0.4591999650001526,0.4869701862335205,-0.02060500718653202
0.5692383050918579,0.6777518391609192,3.2929388993352404e-08,0.557474672794342,0.6320592761039734,0.007363143842667341,0.5399501919746399,0.5863888263702393,0.009709574282169342,0.5221837162971497,0.560075581073761,0.00927423033863306,0.5079057812690735,0.5434932708740234,0.008992613293230534,0.5429005026817322,0.5597314238548279,0.007934853434562683,0.5118315815925598,0.5147445797920227,0.001707939780317247,0.49131616950035095,0.4847628176212311,-0.003121635876595974,0.4742058515548706,0.46221449971199036,-0.006143324077129364,0.5382252931594849,0.5607098937034607,-0.0006951212999410927,0.5062337517738342,0.5129725337028503,-0.007368909660726786,0.48613324761390686,0.48284897208213806,-0.012584967538714409,0.4686494767665863,0.4581252634525299,-0.01555879320949316,0.5290568470954895,0.5659064650535583,-0.009497166611254215,0.499411016702652,0.5192869901657104,-0.013971029780805111,0.4800269603729248,0.4897211194038391,-0.01694982498884201,0.46400776505470276,0.46509653329849243,-0.018547452986240387,0.5157870054244995,0.5749347805976868,-0.018049629405140877,0.4920918643474579,0.5365670323371887,-0.020263347774744034,0.47682109475135803,0.5124506950378418,-0.0204699095338583,0.46381497383117676,0.4929594397544861,-0.020189380273222923
0.569820761680603,0.6769074201583862,3.613788734924128e-08,0.5575354099273682,0.6311933398246765,0.0067937299609184265,0.5391314625740051,0.5864773988723755,0.008467838168144226,0.5208349227905273,0.5611405968666077,0.007525174878537655,0.5065820813179016,0.5455315113067627,0.006688430439680815,0.5424246788024902,0.5608033537864685,0.006059116683900356,0.5114299058914185,0.5162197947502136,-0.0007077685440890491,0.49078062176704407,0.4869706332683563,-0.005766429007053375,0.4736994206905365,0.46442222595214844,-0.008930264972150326,0.5374585390090942,0.5619553923606873,-0.002304674359038472,0.5057083368301392,0.5148837566375732,-0.009442277252674103,0.4856526851654053,0.4848175048828125,-0.014692703261971474,0.46834665536880493,0.45998236536979675,-0.017692459747195244,0.5284661650657654,0.5671748518943787,-0.010793587192893028,0.49922975897789,0.5211690068244934,-0.015564254485070705,0.4794994592666626,0.49161776900291443,-0.01863919198513031,0.46322527527809143,0.4670190215110779,-0.020302966237068176,0.5161800384521484,0.5759740471839905,-0.01904229074716568,0.49293801188468933,0.5374709963798523,-0.021596185863018036,0.477417528629303,0.5129599571228027,-0.022089064121246338,0.4640592932701111,0.4931803345680237,-0.02199159376323223
0.5686012506484985,0.6811487078666687,3.836001738477535e-08,0.5561131834983826,0.6363759636878967,0.006912223994731903,0.540601909160614,0.5916599035263062,0.00889793410897255,0.5254888534545898,0.5644366145133972,0.008162114769220352,0.5129042267799377,0.5469295978546143,0.007457383908331394,0.54596346616745,0.5640642046928406,0.007147869095206261,0.5157651901245117,0.5203312039375305,0.0005459563108161092,0.4951848089694977,0.4904637336730957,-0.004627334885299206,0.47806257009506226,0.4673234224319458,-0.007955949753522873,0.5422592759132385,0.5637297630310059,-0.001497449935413897,0.5101436972618103,0.5165368318557739,-0.00860004872083664,0.48937568068504333,0.4861096143722534,-0.014080299064517021,0.47172510623931885,0.461256206035614,-0.017256468534469604,0.533244788646698,0.5683724880218506,-0.01031775213778019,0.5032652616500854,0.5219641923904419,-0.015525632537901402,0.4824370741844177,0.4917786717414856,-0.018913809210062027,0.4655972123146057,0.46677064895629883,-0.020672179758548737,0.519053041934967,0.5775768756866455,-0.01887100748717785,0.4951786398887634,0.5385284423828125,-0.021912652999162674,0.4796804189682007,0.5137014389038086,-0.022536732256412506,0.4666110873222351,0.49319300055503845,-0.022466018795967102
0.5709094405174255,0.6803385615348816,1.727798526474089e-08,0.5515892505645752,0.6354680061340332,0.0070931208319962025,0.5352867245674133,0.5923798680305481,0.008820688351988792,0.5215080380439758,0.5654561519622803,0.008127446286380291,0.5127366781234741,0.5501576066017151,0.007201849482953548,0.5442497730255127,0.5657719373703003,0.003865886479616165,0.5146427154541016,0.5222705602645874,-0.0023902365937829018,0.49588263034820557,0.49352115392684937,-0.006931501440703869,0.4804113507270813,0.4698776304721832,-0.009991875849664211,0.543217122554779,0.5656259655952454,-0.00473922211676836,0.5120714902877808,0.5198386311531067,-0.011992301791906357,0.49327850341796875,0.48925307393074036,-0.016769099980592728,0.4769725799560547,0.46314048767089844,-0.01956593431532383,0.5377355813980103,0.5704578161239624,-0.013301216065883636,0.5084958076477051,0.526292622089386,-0.01875886507332325,0.49001139402389526,0.49615851044654846,-0.021906742826104164,0.4745669662952423,0.4702083468437195,-0.023697834461927414,0.5284594297409058,0.5783182382583618,-0.02151012048125267,0.5049485564231873,0.5414977669715881,-0.025301458314061165,0.49013572931289673,0.5174804329872131,-0.026309940963983536,0.47778353095054626,0.4968320429325104,-0.026650914922356606
0.5706617832183838,0.6786836385726929,3.790394842440037e-08,0.5566243529319763,0.6321738958358765,0.007537236902862787,0.5400360226631165,0.5892603993415833,0.009764366783201694,0.5240612626075745,0.563612163066864,0.009374983608722687,0.5130847692489624,0.5492660999298096,0.008765551261603832,0.546172559261322,0.5658435225486755,0.005660526920109987,0.5169199705123901,0.5228152275085449,-0.0004787720099557191,0.4974190592765808,0.49367913603782654,-0.005153035745024681,0.481134295463562,0.46991410851478577,-0.008280153386294842,0.5428481101989746,0.565306544303894,-0.0032096882350742817,0.5131514668464661,0.5193663239479065,-0.010232565924525261,0.49440112709999084,0.48867636919021606,-0.015449969097971916,0.4779910445213318,0.4623364806175232,-0.01852121204137802,0.5349888205528259,0.5693890452384949,-0.0120569858700037,0.5075597763061523,0.5241854190826416,-0.017498983070254326,0.4886668026447296,0.49316081404685974,-0.021260328590869904,0.4726114571094513,0.4662071764469147,-0.023413440212607384,0.5234593152999878,0.5765173435211182,-0.020475346595048904,0.5012311339378357,0.5383386611938477,-0.02420533075928688,0.48671776056289673,0.5128601789474487,-0.02539750002324581,0.4744848906993866,0.49080660939216614,-0.02586342953145504
0.5720333456993103,0.6801795363426208,2.6400948982541195e-08,0.5574467778205872,0.6323859691619873,0.008933711796998978,0.5437923669815063,0.5919950008392334,0.010864820331335068,0.5315937995910645,0.5683006644248962,0.009888430126011372,0.5221111178398132,0.5560952425003052,0.00836226437240839,0.5525667071342468,0.5656787753105164,0.0043471078388392925,0.5216819047927856,0.5225783586502075,-0.0026123858988285065,0.5021724104881287,0.49397823214530945,-0.007470032200217247,0.4862869381904602,0.47037598490715027,-0.010601239278912544,0.549607515335083,0.5649386644363403,-0.00529014877974987,0.5187010169029236,0.5185784101486206,-0.013603324070572853,0.4996502995491028,0.48818838596343994,-0.019219186156988144,0.48371386528015137,0.461504727602005,-0.02234935387969017,0.5418938994407654,0.569648802280426,-0.014635894447565079,0.514159083366394,0.5246856808662415,-0.02102353796362877,0.4954676032066345,0.4944932460784912,-0.025315430015325546,0.48022425174713135,0.46777310967445374,-0.027639716863632202,0.5304309129714966,0.5778911709785461,-0.02335614711046219,0.5096192955970764,0.5388442277908325,-0.027868006378412247,0.4950673580169678,0.5146267414093018,-0.02964966930449009,0.4824293851852417,0.49319005012512207,-0.03040781058371067
0.5732418894767761,0.681677520275116,1.723418208143812e-08,0.5578477382659912,0.6327134966850281,0.009309761226177216,0.5422155261039734,0.5907947421073914,0.01186264306306839,0.5282101631164551,0.5671574473381042,0.011544894427061081,0.5183512568473816,0.55458003282547,0.01083799172192812,0.5507146716117859,0.5658829808235168,0.005847395397722721,0.5215551257133484,0.5222819447517395,-0.0008238159934990108,0.502729594707489,0.4927823543548584,-0.00570816732943058,0.4872142970561981,0.46850770711898804,-0.008887074887752533,0.5482476949691772,0.5658512115478516,-0.004003494046628475,0.5184718370437622,0.5194067358970642,-0.011822875589132309,0.499958336353302,0.4885251522064209,-0.01714504137635231,0.4839377999305725,0.46125397086143494,-0.020129632204771042,0.5410081744194031,0.5701742172241211,-0.013665762729942799,0.5137526392936707,0.524539589881897,-0.01961529813706875,0.4952092468738556,0.4934673607349396,-0.023455888032913208,0.4796887934207916,0.46535441279411316,-0.025603093206882477,0.5301668643951416,0.5774748921394348,-0.02274709939956665,0.5083792209625244,0.5388352870941162,-0.027239104732871056,0.4937913715839386,0.5138939023017883,-0.028872229158878326,0.4814870059490204,0.4917110502719879,-0.029550205916166306
0.5749486684799194,0.67928546667099,3.7416505449527904e-08,0.5614510178565979,0.6319735050201416,0.007698196917772293,0.5482535362243652,0.5903146862983704,0.00903504341840744,0.5360389947891235,0.5667597055435181,0.00789053738117218,0.5280691981315613,0.5533769726753235,0.006178840529173613,0.5552735328674316,0.5670340061187744,7.006602390902117e-05,0.5252367854118347,0.5226705074310303,-0.007766483351588249,0.5064205527305603,0.49384674429893494,-0.012740436010062695,0.49037107825279236,0.46991756558418274,-0.015867015346884727,0.5534025430679321,0.5664570331573486,-0.009241119958460331,0.5238982439041138,0.5162127614021301,-0.019034530967473984,0.5050948262214661,0.48322200775146484,-0.02478620782494545,0.48865807056427,0.4556850492954254,-0.027890389785170555,0.5463061928749084,0.5708446502685547,-0.018110956996679306,0.5202497839927673,0.522120475769043,-0.026099247857928276,0.5024169087409973,0.48962971568107605,-0.030590740963816643,0.48718956112861633,0.46209073066711426,-0.03276093676686287,0.5352486968040466,0.578271210193634,-0.026238534599542618,0.5148680210113525,0.5378003716468811,-0.03212053328752518,0.5006352066993713,0.511275589466095,-0.03425845503807068,0.48831743001937866,0.4887253940105438,-0.035128504037857056
0.575583279132843,0.6821228265762329,3.358831435207321e-08,0.5662802457809448,0.6306193470954895,0.009238110855221748,0.5529693365097046,0.5884344577789307,0.0116327665746212,0.5389106869697571,0.5674535036087036,0.011119913309812546,0.5296227335929871,0.5573279857635498,0.010036005638539791,0.5583603978157043,0.5666340589523315,0.0032016290351748466,0.5285720229148865,0.521912157535553,-0.004303550347685814,0.5093272924423218,0.49234670400619507,-0.009158515371382236,0.4931480288505554,0.4679729640483856,-0.012266064994037151,0.5535420775413513,0.5673865675926208,-0.006905399262905121,0.5242523550987244,0.5173878073692322,-0.0165372546762228,0.5053536295890808,0.48374924063682556,-0.022517921403050423,0.48891007900238037,0.4549146890640259,-0.025756318122148514,0.5440423488616943,0.5727463960647583,-0.016617033630609512,0.5186352133750916,0.523881733417511,-0.024574028328061104,0.5012163519859314,0.49072355031967163,-0.029513349756598473,0.48616573214530945,0.4613945782184601,-0.03201514482498169,0.5314337015151978,0.5808676481246948,-0.025492845103144646,0.5128493905067444,0.5390296578407288,-0.03180033713579178,0.49927854537963867,0.5117400884628296,-0.03457052260637283,0.4872196912765503,0.48778417706489563,-0.03589123860001564
0.57791668176651,0.6790210008621216,8.601041656675079e-08,0.5689533948898315,0.6293610334396362,0.00845404900610447,0.5566576719284058,0.5870460867881775,0.009068327024579048,0.5419979095458984,0.561618983745575,0.006765722297132015,0.5301297307014465,0.545156717300415,0.0037769044283777475,0.5622014403343201,0.5665042996406555,-0.0006669533904641867,0.5328909158706665,0.5177991390228271,-0.009196902625262737,0.5141372680664062,0.4858729839324951,-0.014483645558357239,0.49799680709838867,0.4591696858406067,-0.01774645410478115,0.5583418607711792,0.5653541684150696,-0.011248517781496048,0.5292256474494934,0.5097597241401672,-0.021554581820964813,0.5106832981109619,0.4722554087638855,-0.027218636125326157,0.49499809741973877,0.44152557849884033,-0.030299050733447075,0.5485576391220093,0.569814920425415,-0.021339446306228638,0.5235415697097778,0.5159779191017151,-0.0293858852237463,0.5061250925064087,0.47881099581718445,-0.03351248800754547,0.49121996760368347,0.4476127028465271,-0.035595498979091644,0.5344773530960083,0.5781357884407043,-0.030612846836447716,0.5152221918106079,0.5331071615219116,-0.03597431629896164,0.5016229152679443,0.5040151476860046,-0.037209492176771164,0.4897291958332062,0.4798755347728729,-0.03755781054496765
0.5797102451324463,0.6855552792549133,5.174399575480493e-08,0.5706533193588257,0.6338698267936707,0.008303537964820862,0.5575684309005737,0.5891881585121155,0.009871619753539562,0.5419566035270691,0.5634879469871521,0.008458922617137432,0.5299869775772095,0.5481223464012146,0.00636269710958004,0.5667988061904907,0.5671854019165039,0.0021117830183357,0.5369581580162048,0.5187222361564636,-0.006328156217932701,0.5173531174659729,0.4863370954990387,-0.01206941157579422,0.5003584027290344,0.4590573310852051,-0.01584090106189251,0.5626921057701111,0.5667855143547058,-0.008245257660746574,0.5328710675239563,0.5122469663619995,-0.01795537956058979,0.5136395692825317,0.476216584444046,-0.02447572723031044,0.4967350959777832,0.4456862211227417,-0.028405074030160904,0.5522676110267639,0.571526288986206,-0.01834592968225479,0.5256379246711731,0.5182385444641113,-0.02671096660196781,0.5070938467979431,0.48097676038742065,-0.03230872005224228,0.4912259578704834,0.44868940114974976,-0.035437554121017456,0.5361964106559753,0.5799560546875,-0.02768181450664997,0.5164948105812073,0.5346958041191101,-0.03382127359509468,0.5029826164245605,0.505783200263977,-0.036185309290885925,0.49079430103302,0.4811290502548218,-0.037386320531368256
0.5834356546401978,0.6890026330947876,7.16798211897185e-08,0.5785490274429321,0.6401157975196838,0.00813371129333973,0.5659908652305603,0.5919654369354248,0.009326139464974403,0.5499654412269592,0.561612069606781,0.007622827775776386,0.5358238220214844,0.5397089719772339,0.0053194244392216206,0.573341965675354,0.5672414898872375,0.0006276890053413808,0.5454451441764832,0.514758825302124,-0.008486329577863216,0.5257895588874817,0.47845572233200073,-0.014677811414003372,0.5085326433181763,0.4487959146499634,-0.018687400966882706,0.5680404305458069,0.5675614476203918,-0.009953734464943409,0.5378401875495911,0.5088825821876526,-0.019674235954880714,0.5178155303001404,0.468019962310791,-0.025860603898763657,0.500423014163971,0.4343072772026062,-0.02979857288300991,0.5560072064399719,0.5726820826530457,-0.020232150331139565,0.5298960208892822,0.5152422785758972,-0.028141053393483162,0.5112634301185608,0.47497767210006714,-0.03285366669297218,0.49515196681022644,0.4413405954837799,-0.03568011522293091,0.5383033752441406,0.5822404026985168,-0.029814835637807846,0.5190168619155884,0.5347481369972229,-0.03599398210644722,0.505654513835907,0.5034021735191345,-0.03814104571938515,0.4934205710887909,0.47729772329330444,-0.03918539732694626
0.5828381180763245,0.6928536295890808,7.335874840919132e-08,0.5827599763870239,0.6416028141975403,0.01010644156485796,0.5723402500152588,0.5938069224357605,0.011422302573919296,0.5578793883323669,0.5671309232711792,0.009293882176280022,0.5455334782600403,0.5488027334213257,0.006201321259140968,0.5763198733329773,0.5637363791465759,0.0022506231907755136,0.5502069592475891,0.5081174969673157,-0.008164292201399803,0.5316470861434937,0.4704427719116211,-0.015595141798257828,0.5146198272705078,0.44066500663757324,-0.020186547189950943,0.5705410242080688,0.5657963752746582,-0.009623134508728981,0.5421051979064941,0.5039482712745667,-0.01993517018854618,0.5224208235740662,0.4623357653617859,-0.027249857783317566,0.5043508410453796,0.4281824827194214,-0.031901661306619644,0.5584039092063904,0.5724633932113647,-0.021052367985248566,0.5328857898712158,0.5116606950759888,-0.02927272394299507,0.5143542289733887,0.47206825017929077,-0.03480785712599754,0.49828988313674927,0.4395362436771393,-0.037949949502944946,0.5406935811042786,0.5836824178695679,-0.031633760780096054,0.5219470262527466,0.5338889360427856,-0.037762489169836044,0.5088375210762024,0.5018362402915955,-0.040075067430734634,0.49670857191085815,0.47547703981399536,-0.041078388690948486
0.583305299282074,0.6947879195213318,4.93481913110827e-08,0.5816414952278137,0.6416001319885254,0.010714460164308548,0.5713070631027222,0.5929449796676636,0.01212695799767971,0.5573049783706665,0.5641111135482788,0.009950242936611176,0.5446150302886963,0.5449632406234741,0.006852228194475174,0.5755035281181335,0.5611894130706787,0.0032197856344282627,0.549781858921051,0.5051870942115784,-0.006934491451829672,0.5316579341888428,0.46835196018218994,-0.01436876691877842,0.5149938464164734,0.43824172019958496,-0.01912427879869938,0.5700036287307739,0.5638192892074585,-0.008879825472831726,0.5409775376319885,0.5023877024650574,-0.018454261124134064,0.521250307559967,0.4623737931251526,-0.0252911988645792,0.5033510327339172,0.4285450577735901,-0.030019842088222504,0.5577904582023621,0.5709854364395142,-0.02061481587588787,0.531877875328064,0.5105385184288025,-0.028145089745521545,0.5131770372390747,0.4717654287815094,-0.03327898308634758,0.49720293283462524,0.43910327553749084,-0.03663701191544533,0.5398698449134827,0.5822639465332031,-0.03157858923077583,0.5216795206069946,0.5334376096725464,-0.03763151913881302,0.5082409977912903,0.501773476600647,-0.040224865078926086,0.49558818340301514,0.4749475121498108,-0.041701868176460266
0.5859420299530029,0.6996952295303345,6.876131664057539e-08,0.5838504433631897,0.6446529626846313,0.011168912053108215,0.574407160282135,0.5932983756065369,0.013076504692435265,0.5602304935455322,0.5621534585952759,0.011203226633369923,0.5459075570106506,0.5410876870155334,0.00833205971866846,0.5814159512519836,0.5626108646392822,0.005067533813416958,0.5561466217041016,0.5044379234313965,-0.004657904617488384,0.5380982756614685,0.4658842980861664,-0.01173997763544321,0.5214627981185913,0.43416738510131836,-0.01628093421459198,0.5749989748001099,0.5641935467720032,-0.0076140109449625015,0.547321617603302,0.4986286163330078,-0.017841598019003868,0.5275670289993286,0.45540571212768555,-0.0251619890332222,0.5097060799598694,0.41893160343170166,-0.029696280136704445,0.5614574551582336,0.5712910890579224,-0.01995265483856201,0.5365660786628723,0.5050132870674133,-0.02893288992345333,0.5176309943199158,0.4621325731277466,-0.0347290001809597,0.5017144680023193,0.42623576521873474,-0.037777867168188095,0.5414508581161499,0.5835780501365662,-0.03133142367005348,0.5233063101768494,0.5276663899421692,-0.0382511131465435,0.5104030966758728,0.4936484098434448,-0.04052245244383812,0.49833330512046814,0.46579939126968384,-0.04133792594075203
0.5859373211860657,0.7019953727722168,4.736461889365273e-08,0.5844932198524475,0.6450616121292114,0.01143123209476471,0.5749428868293762,0.5917257070541382,0.013546566478908062,0.5607854723930359,0.5594887733459473,0.011826680973172188,0.5467659831047058,0.5379859209060669,0.00915511790663004,0.5809050798416138,0.5607328414916992,0.005416205618530512,0.5563580393791199,0.5018843412399292,-0.00413332087919116,0.5389691591262817,0.4640995264053345,-0.011282178573310375,0.5228155255317688,0.4331114590167999,-0.015970276668667793,0.5744861960411072,0.5629216432571411,-0.0072595542296767235,0.546460747718811,0.4971894323825836,-0.016419505700469017,0.5270785093307495,0.4557317793369293,-0.023198777809739113,0.509717583656311,0.4201422333717346,-0.027842137962579727,0.5611293315887451,0.5702493190765381,-0.01969972252845764,0.5356793999671936,0.5043891668319702,-0.027474254369735718,0.5167717337608337,0.4627833366394043,-0.03292464464902878,0.5012286305427551,0.4271230399608612,-0.03640886768698692,0.5411388874053955,0.5825083255767822,-0.031284891068935394,0.5223788619041443,0.5286626815795898,-0.03769208863377571,0.5091193914413452,0.49514955282211304,-0.04027843475341797,0.4968622922897339,0.4666635990142822,-0.0416954942047596
0.583367645740509,0.6992106437683105,6.167692845338024e-08,0.5849234461784363,0.6393727660179138,0.010886498726904392,0.5757265090942383,0.584459662437439,0.01146751455962658,0.5606994032859802,0.5485014319419861,0.00854489952325821,0.5448028445243835,0.5249852538108826,0.00457729771733284,0.5850246548652649,0.5582897663116455,0.00023711987887509167,0.5592585802078247,0.4949350357055664,-0.010839918628334999,0.5410281419754028,0.45614439249038696,-0.01807921566069126,0.5245449542999268,0.4248950779438019,-0.02242080681025982,0.5777736902236938,0.5625537037849426,-0.012506724335253239,0.5491609573364258,0.4925384521484375,-0.023156994953751564,0.5290778279304504,0.449329137802124,-0.029570123180747032,0.5113922357559204,0.4132041037082672,-0.03375954553484917,0.5630645751953125,0.571670413017273,-0.024737238883972168,0.5376148223876953,0.5016356110572815,-0.03339279443025589,0.5190886855125427,0.45877110958099365,-0.03773463889956474,0.5040647983551025,0.4225881099700928,-0.0402924008667469,0.5418524742126465,0.5849984884262085,-0.03600899502635002,0.5244689583778381,0.5276391506195068,-0.042821794748306274,0.5122908353805542,0.49236372113227844,-0.04472462832927704,0.5007674694061279,0.46298909187316895,-0.04552001506090164
0.5829291343688965,0.6996392011642456,3.7597441604475534e-08,0.584721565246582,0.6406608819961548,0.011256609112024307,0.5768953561782837,0.5864418745040894,0.01244757603853941,0.5625168085098267,0.5518940687179565,0.010052344761788845,0.5475477576255798,0.5289377570152283,0.0064125657081604,0.5844202637672424,0.5579808950424194,0.00136294006370008,0.5594986081123352,0.49556058645248413,-0.009051437489688396,0.5418108701705933,0.4561741352081299,-0.016041310504078865,0.5257238149642944,0.4241257309913635,-0.020365850999951363,0.5772740244865417,0.5619505047798157,-0.011322087608277798,0.5489763617515564,0.4933701455593109,-0.0210215225815773,0.5286391377449036,0.4502410292625427,-0.027093499898910522,0.5106834769248962,0.4144168496131897,-0.0313766747713089,0.563045859336853,0.571077287197113,-0.02356533147394657,0.5378521084785461,0.5039587020874023,-0.031663309782743454,0.5196518301963806,0.46266233921051025,-0.03628828004002571,0.5053128004074097,0.4282107353210449,-0.03926438093185425,0.5424133539199829,0.5843531489372253,-0.034854356199502945,0.524432897567749,0.5287840366363525,-0.04160606861114502,0.5122925043106079,0.494439035654068,-0.04392215609550476,0.501026451587677,0.4658685624599457,-0.04515005275607109
0.5813370943069458,0.7002919912338257,5.468052322044059e-08,0.5873091220855713,0.6416721343994141,0.009566825814545155,0.579322099685669,0.5838783979415894,0.010420555248856544,0.5624746680259705,0.5456333160400391,0.008301314897835255,0.5451756119728088,0.5218300223350525,0.00500561622902751,0.5880799293518066,0.5595961213111877,-0.0019339683931320906,0.5631027817726135,0.4933839440345764,-0.012920252978801727,0.5452826023101807,0.45217806100845337,-0.019886085763573647,0.529221773147583,0.41884565353393555,-0.02403506636619568,0.5793008804321289,0.5641094446182251,-0.013504874892532825,0.5513589382171631,0.49158695340156555,-0.02341170608997345,0.5314461588859558,0.44652098417282104,-0.029116567224264145,0.5139512419700623,0.40960219502449036,-0.033042050898075104,0.5637221336364746,0.5733088254928589,-0.02458368055522442,0.5385159850120544,0.5024210214614868,-0.03282267600297928,0.520139753818512,0.4586710035800934,-0.03726675733923912,0.5052925944328308,0.42233580350875854,-0.04000886157155037,0.5419482588768005,0.586303174495697,-0.03478781133890152,0.5251258611679077,0.5278270244598389,-0.04198874533176422,0.5132869482040405,0.4911144971847534,-0.04470342397689819,0.5017974972724915,0.46054691076278687,-0.046067431569099426
0.5828024744987488,0.706147313117981,7.791689426994708e-08,0.5891552567481995,0.6475545167922974,0.010159646160900593,0.5819763541221619,0.5894769430160522,0.00994831882417202,0.5655769109725952,0.5517203211784363,0.006755264475941658,0.546890914440155,0.5295320153236389,0.001793576288037002,0.5903006196022034,0.5639747977256775,-0.006912530399858952,0.5660687685012817,0.49379900097846985,-0.01912262849509716,0.5501885414123535,0.4516797363758087,-0.02625691331923008,0.5362763404846191,0.41771721839904785,-0.030374674126505852,0.5803783535957336,0.5707093477249146,-0.01967553049325943,0.5532611608505249,0.49251845479011536,-0.03075592964887619,0.5342328548431396,0.4444299042224884,-0.0365750715136528,0.5180488228797913,0.40569230914115906,-0.04052330181002617,0.5635521411895752,0.5829341411590576,-0.031572986394166946,0.5387429594993591,0.5056329965591431,-0.04114530235528946,0.5199941396713257,0.4581376314163208,-0.04663865640759468,0.5055356025695801,0.4194549024105072,-0.050040535628795624,0.5409651398658752,0.5992387533187866,-0.04225016385316849,0.5235884785652161,0.536764919757843,-0.051306430250406265,0.511900782585144,0.4976975917816162,-0.05516121909022331,0.50149005651474,0.46501198410987854,-0.05725700035691261
0.5819132924079895,0.7097575664520264,8.180588650930076e-08,0.5888248085975647,0.650037407875061,0.009697897359728813,0.581946849822998,0.590575098991394,0.009212817065417767,0.565477728843689,0.5521072149276733,0.0058523789048194885,0.5467368364334106,0.5298861265182495,0.0008207514765672386,0.5902278423309326,0.5649308562278748,-0.007217918056994677,0.5655156373977661,0.493381142616272,-0.019399084150791168,0.5493361353874207,0.4507850408554077,-0.026582257822155952,0.5351856350898743,0.4164004325866699,-0.03075038455426693,0.5803688764572144,0.5720055103302002,-0.01971695013344288,0.5528019070625305,0.4925955533981323,-0.030669445171952248,0.5336306095123291,0.44426190853118896,-0.03644624352455139,0.5172810554504395,0.4055188298225403,-0.04050074517726898,0.5635666847229004,0.5841534733772278,-0.03139149397611618,0.538761556148529,0.5057987570762634,-0.04056519642472267,0.5201316475868225,0.4580532908439636,-0.045966919511556625,0.5057205557823181,0.4195559620857239,-0.04947618395090103,0.540905773639679,0.5998682379722595,-0.04193202778697014,0.5232878923416138,0.5371055603027344,-0.050379253923892975,0.5113840103149414,0.4979249835014343,-0.054055966436862946,0.5005736947059631,0.46527525782585144,-0.05619311332702637
0.5785199999809265,0.7157759666442871,7.951845049092299e-08,0.5887973308563232,0.6576849222183228,0.009072191081941128,0.5838214755058289,0.5956192016601562,0.007896870374679565,0.5685730576515198,0.5536051392555237,0.0042429398745298386,0.5491467714309692,0.5298092365264893,-0.0014290184481069446,0.5924234986305237,0.5693643093109131,-0.012439079582691193,0.5682476162910461,0.4939245879650116,-0.02568146586418152,0.5521527528762817,0.4494861960411072,-0.033052653074264526,0.5381665825843811,0.41409510374069214,-0.037433601915836334,0.5814313888549805,0.5784352421760559,-0.025172529742121696,0.5539088845252991,0.4947088360786438,-0.037390101701021194,0.5353813171386719,0.44426023960113525,-0.04381677508354187,0.5199655890464783,0.40449076890945435,-0.048373568803071976,0.5631879568099976,0.5928182601928711,-0.03674788400530815,0.5377432107925415,0.5098301768302917,-0.04757130518555641,0.5187349915504456,0.4599539637565613,-0.054343368858098984,0.5041188597679138,0.42013537883758545,-0.05880080908536911,0.539542555809021,0.6104534864425659,-0.04694617539644241,0.521936297416687,0.5455500483512878,-0.05771785229444504,0.510063648223877,0.5054196715354919,-0.06315847486257553,0.49957939982414246,0.4717819094657898,-0.066471628844738
0.5780638456344604,0.7157863974571228,7.013276359657539e-08,0.5880672931671143,0.6563478708267212,0.008234407752752304,0.5838760733604431,0.5947573781013489,0.00631599361076951,0.5683166980743408,0.5523884892463684,0.0020119878463447094,0.5490015745162964,0.5285352468490601,-0.004164900630712509,0.5921691060066223,0.5684218406677246,-0.011626568622887135,0.5682088732719421,0.4940386414527893,-0.024824662134051323,0.5525271892547607,0.45075729489326477,-0.032447535544633865,0.5392601490020752,0.41590946912765503,-0.03699813038110733,0.5808252692222595,0.5776189565658569,-0.02396031841635704,0.5535599589347839,0.4947281777858734,-0.036004021763801575,0.5356208682060242,0.44476455450057983,-0.04246615990996361,0.520637035369873,0.4046933352947235,-0.04709983989596367,0.5625786185264587,0.5918976664543152,-0.0353243425488472,0.5376608967781067,0.5089377164840698,-0.045994456857442856,0.5192734599113464,0.45943862199783325,-0.052464865148067474,0.5052088499069214,0.41937553882598877,-0.05670907348394394,0.5391619801521301,0.6094890832901001,-0.04542367905378342,0.5209182500839233,0.5444886088371277,-0.05579914525151253,0.5093809366226196,0.504913866519928,-0.06065383553504944,0.4993421137332916,0.4717274010181427,-0.06352648884057999
0.5714589357376099,0.7248213887214661,5.662822744056939e-08,0.5883224606513977,0.6689720749855042,0.006546196527779102,0.5883530974388123,0.6064024567604065,0.002812623279169202,0.5737709403038025,0.5591040849685669,-0.0025348758790642023,0.5548650026321411,0.531485915184021,-0.010224612429738045,0.5967113375663757,0.5829853415489197,-0.020710984244942665,0.5732963681221008,0.5032579302787781,-0.03582094982266426,0.5566495060920715,0.45683324337005615,-0.04346034303307533,0.5425245761871338,0.4208088517189026,-0.047504931688308716,0.5834497213363647,0.5950608253479004,-0.03252089396119118,0.5560042858123779,0.5052165985107422,-0.04640885442495346,0.5372014045715332,0.45225611329078674,-0.05238358676433563,0.521929144859314,0.41195428371429443,-0.05624077469110489,0.5631262063980103,0.610787034034729,-0.04282289743423462,0.5375019907951355,0.5207996368408203,-0.05526689067482948,0.5189120173454285,0.4682374894618988,-0.060871925204992294,0.5046887993812561,0.42827633023262024,-0.06396341323852539,0.5380136966705322,0.6284382939338684,-0.0516643226146698,0.5193410515785217,0.5567439198493958,-0.06372498720884323,0.5086540579795837,0.513651967048645,-0.06823465973138809,0.4997990131378174,0.4783806800842285,-0.07030224055051804
0.5737430453300476,0.7236373424530029,3.9421546915718864e-08,0.5886574387550354,0.6663404703140259,0.006494327448308468,0.5875337719917297,0.603705883026123,0.0030996620189398527,0.5722851157188416,0.555009126663208,-0.0019056701567023993,0.5531317591667175,0.5268192291259766,-0.009136257693171501,0.5949171781539917,0.5814608931541443,-0.018668564036488533,0.5714218616485596,0.5030139088630676,-0.033347517251968384,0.5552678108215332,0.456525981426239,-0.04144742339849472,0.5417271256446838,0.41980767250061035,-0.046105317771434784,0.5821594595909119,0.5930706858634949,-0.029976461082696915,0.5537661910057068,0.5052100419998169,-0.04353997856378555,0.5356779098510742,0.4518449306488037,-0.04967149719595909,0.5209776759147644,0.4099268317222595,-0.05400115251541138,0.5626217126846313,0.6074767708778381,-0.03999064117670059,0.536266565322876,0.5200220346450806,-0.051961760967969894,0.5184923410415649,0.467909574508667,-0.057319652289152145,0.5049912929534912,0.4270310699939728,-0.060614071786403656,0.5378689169883728,0.6232931613922119,-0.04869771748781204,0.5189624428749084,0.554314911365509,-0.060214754194021225,0.5082894563674927,0.5121719241142273,-0.06463306397199631,0.49942052364349365,0.47667747735977173,-0.0669156163930893
0.568769633769989,0.7407092452049255,2.872528703790067e-08,0.5896899104118347,0.6873456835746765,0.0037042563781142235,0.5930526852607727,0.6191518902778625,-0.0012587541714310646,0.5850514769554138,0.5633617639541626,-0.007113845553249121,0.5791183710098267,0.5216751098632812,-0.01546365488320589,0.5992131233215332,0.6021428108215332,-0.028538234531879425,0.5756329894065857,0.5198080539703369,-0.04525410011410713,0.5602608919143677,0.4715951681137085,-0.05362467095255852,0.5472988486289978,0.43363702297210693,-0.05841772258281708,0.582461953163147,0.6170830130577087,-0.039639607071876526,0.5564359426498413,0.5240947008132935,-0.05592913553118706,0.5386161208152771,0.4669423997402191,-0.06363736093044281,0.5239700675010681,0.4234035313129425,-0.06909378618001938,0.5601183772087097,0.6335594058036804,-0.04896913468837738,0.5355579853057861,0.5412455201148987,-0.06379559636116028,0.5179986953735352,0.48379144072532654,-0.07065640389919281,0.5037854909896851,0.44069212675094604,-0.07473505288362503,0.5340415239334106,0.6511802077293396,-0.05680348724126816,0.5174306631088257,0.5763719081878662,-0.07099238783121109,0.50734943151474,0.5307445526123047,-0.07656952738761902,0.4981537163257599,0.49416691064834595,-0.07940012961626053
0.5722461938858032,0.7430298924446106,4.415029408733062e-08,0.5893555879592896,0.6868021488189697,0.004681826569139957,0.5919175744056702,0.6186922192573547,6.142699021438602e-06,0.5837448835372925,0.563579797744751,-0.005603470373898745,0.5758556723594666,0.5226723551750183,-0.013604206964373589,0.5973073244094849,0.6017768383026123,-0.026954740285873413,0.5750642418861389,0.520126223564148,-0.043305717408657074,0.5593234896659851,0.47109586000442505,-0.051761407405138016,0.5459884405136108,0.4324822723865509,-0.0564548633992672,0.5816769003868103,0.6169849038124084,-0.038097817450761795,0.556487500667572,0.5243730545043945,-0.05354972928762436,0.5385058522224426,0.4666851758956909,-0.06042269989848137,0.5235235691070557,0.42294609546661377,-0.06529784947633743,0.559749960899353,0.633966863155365,-0.04744348302483559,0.5358231067657471,0.5423889756202698,-0.061002153903245926,0.518402636051178,0.4859192967414856,-0.06643863022327423,0.5043929815292358,0.44390448927879333,-0.069612517952919,0.5334479212760925,0.6514933109283447,-0.055351994931697845,0.5172362327575684,0.5757617354393005,-0.06830807030200958,0.5068836212158203,0.5303282141685486,-0.07271984964609146,0.4972875416278839,0.4942626357078552,-0.07467658817768097
0.5654796957969666,0.7629417181015015,6.648166106515419e-08,0.5893787145614624,0.707873523235321,0.002764661330729723,0.5965818166732788,0.6350082755088806,-0.002272879472002387,0.5927396416664124,0.5750936269760132,-0.007697543129324913,0.5911210775375366,0.5287457704544067,-0.015242804773151875,0.5980221629142761,0.6252806186676025,-0.030189771205186844,0.5768430233001709,0.537669837474823,-0.04636526480317116,0.5622561573982239,0.48671287298202515,-0.05363309755921364,0.549915075302124,0.44774988293647766,-0.05741160735487938,0.5785760283470154,0.6397860646247864,-0.04035380855202675,0.5564444065093994,0.5433947443962097,-0.05634292960166931,0.5391584038734436,0.483687162399292,-0.06285691261291504,0.5244593620300293,0.4392626881599426,-0.06716310232877731,0.5543508529663086,0.655095636844635,-0.048645466566085815,0.5334402918815613,0.5611945986747742,-0.06174006313085556,0.5169469118118286,0.5020845532417297,-0.065956711769104,0.5036144852638245,0.4573427438735962,-0.06829869002103806,0.5266388654708862,0.6706250309944153,-0.055643800646066666,0.5119874477386475,0.5960606932640076,-0.06758598238229752,0.5036149621009827,0.5491101145744324,-0.07077829539775848,0.496150404214859,0.5112826824188232,-0.07189872115850449
0.5686633586883545,0.78739333152771,5.674874969940902e-08,0.5894413590431213,0.7330398559570312,-0.0011652210960164666,0.5979540348052979,0.6578131914138794,-0.00927276723086834,0.5972907543182373,0.5949514508247375,-0.01693251170217991,0.5975890755653381,0.545989453792572,-0.027277670800685883,0.6037240028381348,0.6535241603851318,-0.041434623301029205,0.5859594345092773,0.5625844597816467,-0.061248693615198135,0.5711037516593933,0.5091109275817871,-0.07077033817768097,0.5576493144035339,0.46910566091537476,-0.07612905651330948,0.584243655204773,0.6704055070877075,-0.05123287811875343,0.5641984939575195,0.5698152184486389,-0.07014138251543045,0.5461953282356262,0.5055100917816162,-0.07836602628231049,0.5304510593414307,0.45853763818740845,-0.08471041172742844,0.5583192110061646,0.6886240243911743,-0.05911029875278473,0.5390304923057556,0.5904002785682678,-0.07610058039426804,0.5215040445327759,0.5260798931121826,-0.08332226425409317,0.5060477256774902,0.47920799255371094,-0.0880822166800499,0.5265165567398071,0.7062391042709351,-0.06559179723262787,0.5132443904876709,0.6285025477409363,-0.08257491886615753,0.5037908554077148,0.5778803825378418,-0.0893528088927269,0.4942619502544403,0.5369345545768738,-0.09323517978191376
0.5708468556404114,0.7884852290153503,1.0609406331241189e-07,0.5921642184257507,0.7333725690841675,-0.002446395345032215,0.6008031368255615,0.6569532155990601,-0.01083171647042036,0.5991684794425964,0.5923120379447937,-0.018117651343345642,0.598361074924469,0.5418593883514404,-0.027910707518458366,0.5994191765785217,0.6535860300064087,-0.04341829568147659,0.5820698738098145,0.562376856803894,-0.06260575354099274,0.5677193403244019,0.5090032815933228,-0.07162324339151382,0.5552127361297607,0.4681931734085083,-0.07663742452859879,0.5811949372291565,0.6704609990119934,-0.05179471895098686,0.5604922771453857,0.5699784159660339,-0.06970922648906708,0.5425675511360168,0.5051783919334412,-0.07731843739748001,0.5274709463119507,0.457847535610199,-0.08345714956521988,0.5567598342895508,0.6879374980926514,-0.05811662599444389,0.5367823839187622,0.5896745324134827,-0.07362304627895355,0.519830048084259,0.5258243680000305,-0.08061940968036652,0.5052060484886169,0.479052871465683,-0.08560238778591156,0.5269981622695923,0.7048919796943665,-0.06309812515974045,0.5137292146682739,0.6297333240509033,-0.07835045456886292,0.5046558976173401,0.5799353122711182,-0.0847565159201622,0.49566665291786194,0.5392435193061829,-0.08866580575704575
0.5625566840171814,0.8257697820663452,1.1338560312879054e-07,0.5871521830558777,0.7699500322341919,-0.0028654697816818953,0.5988452434539795,0.6898247003555298,-0.013064911589026451,0.6036096811294556,0.6225366592407227,-0.021988796070218086,0.6063389182090759,0.5702327489852905,-0.033868782222270966,0.605083167552948,0.695180356502533,-0.05100471153855324,0.5932163000106812,0.601765513420105,-0.07350660115480423,0.5794978737831116,0.5459479093551636,-0.08401533216238022,0.5661397576332092,0.5057963728904724,-0.09008259326219559,0.5827197432518005,0.7104318737983704,-0.060605715960264206,0.5690182447433472,0.6076533198356628,-0.0823013186454773,0.5527483820915222,0.5419983267784119,-0.09177489578723907,0.5383972525596619,0.49652278423309326,-0.09927050024271011,0.5548509359359741,0.7267237901687622,-0.06786112487316132,0.54083651304245,0.6287056803703308,-0.08581014722585678,0.5261474251747131,0.5636695623397827,-0.09334027022123337,0.5135501027107239,0.5178259611129761,-0.09903151541948318,0.5221052765846252,0.7430796027183533,-0.07361066341400146,0.509939968585968,0.6693540811538696,-0.09068473428487778,0.5027191638946533,0.6193590760231018,-0.09754116833209991,0.4958277940750122,0.5788319110870361,-0.10210926830768585
0.563121497631073,0.8273437023162842,1.363914492458207e-07,0.5885283350944519,0.7718492150306702,-0.0027930443175137043,0.6015342473983765,0.6911376714706421,-0.010646420530974865,0.6069385409355164,0.6219398975372314,-0.017054926604032516,0.6094662547111511,0.5691834092140198,-0.025977879762649536,0.5993639826774597,0.6982487440109253,-0.04316463693976402,0.5890310406684875,0.604259192943573,-0.06072176992893219,0.5782163143157959,0.5487828254699707,-0.06871639937162399,0.5676371455192566,0.5065515637397766,-0.07334648817777634,0.5762722492218018,0.7106061577796936,-0.05047307908535004,0.5646836757659912,0.6087773442268372,-0.06630094349384308,0.551598310470581,0.5446828603744507,-0.07286708056926727,0.5403472781181335,0.4984605312347412,-0.07870626449584961,0.5482650995254517,0.7235504984855652,-0.05561983212828636,0.5372728109359741,0.6254916191101074,-0.06809455901384354,0.5258780121803284,0.5619835257530212,-0.07328920066356659,0.5159524083137512,0.5153350830078125,-0.07791507244110107,0.5167878270149231,0.7368808388710022,-0.059528741985559464,0.5080902576446533,0.6636846661567688,-0.07226062566041946,0.5021986961364746,0.6133741140365601,-0.07723120599985123,0.4960230588912964,0.5719069242477417,-0.08065948635339737
0.5923441052436829,0.9606263041496277,-1.2032846541387698e-07,0.6104063987731934,0.9163658618927002,-0.01738175004720688,0.6207516193389893,0.8782305121421814,-0.03327503800392151,0.6283169388771057,0.8393804430961609,-0.04762974753975868,0.6366328001022339,0.8002129197120667,-0.06256286054849625,0.6023093461990356,0.9266310334205627,-0.040301647037267685,0.5828967690467834,0.9359767436981201,-0.062020644545555115,0.5860030651092529,0.9384766221046448,-0.07990524172782898,0.5898965001106262,0.9423853158950806,-0.0926528200507164,0.5825328826904297,0.9615275263786316,-0.043850623071193695,0.5654778480529785,0.9642991423606873,-0.06323254853487015,0.5666350722312927,0.9675159454345703,-0.07426043599843979,0.5660795569419861,0.9741225242614746,-0.08534455299377441,0.5660441517829895,0.9870577454566956,-0.0475725494325161,0.5484938025474548,0.9887669682502747,-0.07090052962303162,0.5447976589202881,0.98940509557724,-0.0738881528377533,0.5431262254714966,0.9914862513542175,-0.07546550780534744,0.5528457164764404,1.0017609596252441,-0.052082158625125885,0.5408896803855896,1.0061484575271606,-0.06990925967693329,0.5364562273025513,1.0040709972381592,-0.0693187564611435,0.5333555340766907,1.0032657384872437,-0.06894859671592712
0.6150954365730286,0.985905647277832,1.8909381083176413e-07,0.6257768869400024,0.9401699900627136,-0.03012973628938198,0.6261574029922485,0.8899908065795898,-0.057090193033218384,0.6250052452087402,0.8478556275367737,-0.07955744862556458,0.632217288017273,0.8081263899803162,-0.10255933552980423,0.614945113658905,0.938775360584259,-0.06801080703735352,0.6035537123680115,0.9247336983680725,-0.09829545766115189,0.594398558139801,0.9195701479911804,-0.11619450151920319,0.5848059058189392,0.9141477942466736,-0.12709516286849976,0.5935460329055786,0.9727567434310913,-0.06372127681970596,0.5707899332046509,0.956792414188385,-0.09064491838216782,0.5631264448165894,0.949769139289856,-0.09985829144716263,0.5602218508720398,0.9444952011108398,-0.10640052706003189,0.5761927962303162,1.001039743423462,-0.06000271812081337,0.5503886342048645,0.9892506003379822,-0.08180567622184753,0.5390731692314148,0.9748088717460632,-0.08751549571752548,0.5317161679267883,0.96180260181427,-0.09077718108892441,0.5623081922531128,1.022735595703125,-0.058159854263067245,0.5345221757888794,1.0142239332199097,-0.07151999324560165,0.5163230299949646,1.0048024654388428,-0.07570713758468628,0.5019875764846802,0.9944648146629333,-0.07947008311748505
0.5819698572158813,1.0130579471588135,2.577871214270999e-07,0.6069914102554321,0.9659224152565002,-0.03055180236697197,0.6169415712356567,0.90492844581604,-0.05408396199345589,0.6196895241737366,0.8507752418518066,-0.07317935675382614,0.6301205158233643,0.7978055477142334,-0.09300605207681656,0.6162211298942566,0.9636425375938416,-0.06570879369974136,0.6152492761611938,0.9385979771614075,-0.09328817576169968,0.6057401895523071,0.9144155979156494,-0.1102900579571724,0.5970659255981445,0.8909717202186584,-0.12136317044496536,0.5845088362693787,0.9920219779014587,-0.060455359518527985,0.5752451419830322,0.9636874794960022,-0.08164936304092407,0.5626728534698486,0.939170241355896,-0.08947963267564774,0.5561107397079468,0.9188587069511414,-0.09836310893297195,0.5537867546081543,1.0155951976776123,-0.05617273971438408,0.537305474281311,0.989452064037323,-0.07611506432294846,0.5221847891807556,0.9634366035461426,-0.08228334039449692,0.5151111483573914,0.9390382170677185,-0.08783061802387238,0.5276625752449036,1.0369303226470947,-0.05413733050227165,0.5054774880409241,1.0193264484405518,-0.06889986246824265,0.4935341775417328,1.0005645751953125,-0.07430066913366318,0.488774836063385,0.981703519821167,-0.07994093745946884
0.5822292566299438,1.0035607814788818,-6.006811048564487e-08,0.6008586287498474,0.9531992673873901,-0.022644929587841034,0.6192512512207031,0.8967072367668152,-0.03408925607800484,0.6272785067558289,0.8422262072563171,-0.04382344335317612,0.630925178527832,0.7969683408737183,-0.05603408068418503,0.6173622608184814,0.9598374366760254,-0.03770042955875397,0.614863932132721,0.9355106353759766,-0.06169570982456207,0.6014067530632019,0.9143517017364502,-0.08349467813968658,0.5874155759811401,0.8954545855522156,-0.09970442950725555,0.5805613994598389,0.985374927520752,-0.03924299404025078,0.5692426562309265,0.9638715386390686,-0.061361853033304214,0.5565633773803711,0.9396008849143982,-0.0804562047123909,0.5465065240859985,0.9213173389434814,-0.09879521280527115,0.5459871292114258,1.0059696435928345,-0.042294297367334366,0.5308560729026794,0.9841038584709167,-0.06548921018838882,0.5167955160140991,0.9631164073944092,-0.07636237889528275,0.5058106184005737,0.9449394941329956,-0.08649763464927673,0.515430748462677,1.0231268405914307,-0.047036051750183105,0.5002539157867432,1.010898470878601,-0.06786421686410904,0.4883769750595093,1.0000953674316406,-0.07461841404438019,0.4779897928237915,0.9894154071807861,-0.08142310380935669
0.591476559638977,0.9885486364364624,8.165466525156262e-09,0.6053675413131714,0.9369757771492004,-0.015042509883642197,0.6155866980552673,0.8789027333259583,-0.024785548448562622,0.6200671792030334,0.8233045935630798,-0.03299861401319504,0.6296075582504272,0.7836153507232666,-0.0438704639673233,0.6204679012298584,0.9358550906181335,-0.037382032722234726,0.6152764558792114,0.9095999002456665,-0.056712258607149124,0.602603554725647,0.8874635696411133,-0.0725475624203682,0.5889333486557007,0.8670779466629028,-0.08472940325737,0.5873178839683533,0.9633921384811401,-0.040241893380880356,0.5725288987159729,0.9366443157196045,-0.05863980948925018,0.5576609969139099,0.9121655225753784,-0.07209307700395584,0.5443443655967712,0.8959332704544067,-0.08554566651582718,0.5558263063430786,0.987296462059021,-0.04322095215320587,0.5369403958320618,0.9615712761878967,-0.06068558990955353,0.5222920179367065,0.938457727432251,-0.06759531050920486,0.510252833366394,0.9205246567726135,-0.07513955980539322,0.5273305773735046,1.0086122751235962,-0.04705599695444107,0.5074621438980103,0.9909842014312744,-0.06306777894496918,0.493906170129776,0.9771140217781067,-0.06785060465335846,0.48315495252609253,0.9660401940345764,-0.07302837073802948
0.5909262895584106,0.9702140092849731,2.7961503334950066e-08,0.606786847114563,0.919241726398468,-0.014761651866137981,0.6167650818824768,0.8644824028015137,-0.024678081274032593,0.6205496788024902,0.812712550163269,-0.033170197159051895,0.6280378699302673,0.7732128500938416,-0.04438402131199837,0.6176306009292603,0.9166197776794434,-0.037052541971206665,0.6082448959350586,0.8872963786125183,-0.055746275931596756,0.5933411717414856,0.8615455031394958,-0.0706600695848465,0.5794196128845215,0.8413667678833008,-0.08179738372564316,0.5869507789611816,0.9454898834228516,-0.039782918989658356,0.5683864951133728,0.9154193997383118,-0.05657662823796272,0.5495079159736633,0.88824462890625,-0.06888355314731598,0.5348510146141052,0.8719043135643005,-0.08086976408958435,0.5591128468513489,0.9716452956199646,-0.04267280921339989,0.5354949831962585,0.9442300796508789,-0.057565730065107346,0.5166746377944946,0.915393054485321,-0.06409008800983429,0.5040057897567749,0.8939643502235413,-0.0711435079574585,0.5359131097793579,0.9958234429359436,-0.04647086560726166,0.5103400945663452,0.9784915447235107,-0.06011735275387764,0.49455466866493225,0.9592418074607849,-0.06446779519319534,0.48447662591934204,0.9429470300674438,-0.06921792030334473
0.5850698947906494,0.9719587564468384,2.305770241406435e-09,0.6024208664894104,0.9269949197769165,-0.016385477036237717,0.6124001145362854,0.8699349164962769,-0.02754160389304161,0.6179908514022827,0.8178189396858215,-0.03724528104066849,0.6279388070106506,0.7772071361541748,-0.04953613132238388,0.6138738393783569,0.9098343253135681,-0.0395469143986702,0.6056178212165833,0.8787673115730286,-0.061115067452192307,0.5916982889175415,0.8565549254417419,-0.07732436060905457,0.578538715839386,0.8422263264656067,-0.08883180469274521,0.585457980632782,0.9369804263114929,-0.04300173372030258,0.5680911540985107,0.9075026512145996,-0.06427008658647537,0.5486977696418762,0.8843752145767212,-0.07874647527933121,0.5326374769210815,0.8742630481719971,-0.09117201715707779,0.5590149760246277,0.9642349481582642,-0.0470239594578743,0.5368034243583679,0.9400153160095215,-0.06623601913452148,0.5183016061782837,0.9158794283866882,-0.07502208650112152,0.5051143765449524,0.9009912014007568,-0.08241600543260574,0.5349408984184265,0.9908577799797058,-0.05183420330286026,0.5095381736755371,0.9733129143714905,-0.06882856786251068,0.4935687780380249,0.9556662440299988,-0.07540081441402435,0.48346734046936035,0.9411840438842773,-0.081194669008255
0.5911127924919128,0.9794169664382935,5.256929824781764e-08,0.5991619825363159,0.9190524816513062,-0.017443329095840454,0.6095088720321655,0.8567934632301331,-0.031201913952827454,0.61320561170578,0.8002511262893677,-0.04282952845096588,0.6186062693595886,0.754630446434021,-0.057666510343551636,0.6209238171577454,0.9123384356498718,-0.056848034262657166,0.6096395254135132,0.8667809963226318,-0.0835837870836258,0.5942361354827881,0.8330740332603455,-0.10097592324018478,0.578766405582428,0.8043757677078247,-0.11383572965860367,0.5934605598449707,0.9433683156967163,-0.06195461004972458,0.572651207447052,0.8980077505111694,-0.08920487016439438,0.5546215176582336,0.8603485226631165,-0.10542971640825272,0.539564311504364,0.8280388712882996,-0.12017425894737244,0.566062331199646,0.9714394807815552,-0.06672840565443039,0.5390811562538147,0.9349842071533203,-0.09299872070550919,0.5211252570152283,0.8963140845298767,-0.10456272959709167,0.5071768760681152,0.8594353795051575,-0.11426002532243729,0.5384005308151245,0.9940623641014099,-0.07171684503555298,0.5122212767601013,0.9732220768928528,-0.09645933657884598,0.49362713098526,0.9448001384735107,-0.10713600367307663,0.4790116548538208,0.9143878817558289,-0.1157604530453682
0.589935839176178,0.9787430763244629,-5.452814022532948e-08,0.6002523899078369,0.9148375988006592,-0.012633650563657284,0.611118495464325,0.8532132506370544,-0.022575292736291885,0.6146419644355774,0.79750657081604,-0.03136946260929108,0.6209657788276672,0.7516899108886719,-0.04385071247816086,0.6274503469467163,0.9224996566772461,-0.04467438533902168,0.6174339652061462,0.8768317699432373,-0.06510985642671585,0.6013473272323608,0.841855525970459,-0.08099666237831116,0.585205614566803,0.811658501625061,-0.09354408830404282,0.5986030101776123,0.9563911557197571,-0.05080372467637062,0.5780166983604431,0.9092966914176941,-0.06995388865470886,0.5573105812072754,0.8681686520576477,-0.08475908637046814,0.5396552085876465,0.8335599899291992,-0.10038597136735916,0.5684299468994141,0.9837110638618469,-0.05623038858175278,0.5421682000160217,0.9424614906311035,-0.07511921972036362,0.523816704750061,0.9016194939613342,-0.08517269790172577,0.5089956521987915,0.8638399839401245,-0.09577029198408127,0.5375222563743591,1.0036646127700806,-0.06191074103116989,0.5133321285247803,0.9788513779640198,-0.08154650032520294,0.49593034386634827,0.9483933448791504,-0.08985084295272827,0.48168066143989563,0.9172297716140747,-0.09795013070106506
0.5769512057304382,1.0425231456756592,-2.5433425321352843e-07,0.5945578813552856,0.9634857177734375,-0.006105570588260889,0.6051436066627502,0.8784774541854858,-0.012425561435520649,0.6045106053352356,0.8136342167854309,-0.01882275938987732,0.608301043510437,0.7616227865219116,-0.027505043894052505,0.627945065498352,0.9074987769126892,-0.03170505166053772,0.6125234365463257,0.8437595963478088,-0.05246608331799507,0.5942562818527222,0.8052634000778198,-0.06794784218072891,0.5793112516403198,0.7753594517707825,-0.07912790030241013,0.6083189249038696,0.9429395198822021,-0.041132181882858276,0.5794900059700012,0.8733909130096436,-0.05796182528138161,0.554701566696167,0.8276345133781433,-0.0698680579662323,0.5333447456359863,0.7924181818962097,-0.08187523484230042,0.5820717215538025,0.9801982045173645,-0.05038255825638771,0.5500487089157104,0.9193604588508606,-0.06716463714838028,0.5254539847373962,0.8732548952102661,-0.07501500844955444,0.50545334815979,0.8330265283584595,-0.08296886086463928,0.5518986582756042,1.0138130187988281,-0.05941975116729736,0.5214834213256836,0.9752335548400879,-0.07722455263137817,0.500946581363678,0.9420556426048279,-0.08323074877262115,0.4821687340736389,0.9103676676750183,-0.08804763853549957
0.5837665796279907,1.0399740934371948,-1.7571493060586363e-07,0.5988959074020386,0.9593896865844727,-0.007252412848174572,0.6084621548652649,0.8757169246673584,-0.014377659186720848,0.6070602536201477,0.8112773299217224,-0.021141445264220238,0.610304594039917,0.7572214603424072,-0.030641917139291763,0.6287526488304138,0.9088858366012573,-0.037278465926647186,0.6109774708747864,0.8440165519714355,-0.0582541786134243,0.5925653576850891,0.8052554130554199,-0.073215052485466,0.5773524641990662,0.7736775875091553,-0.08422157168388367,0.6084305047988892,0.9444420337677002,-0.046121738851070404,0.5780981779098511,0.875194251537323,-0.06338012963533401,0.5548489093780518,0.8267837762832642,-0.07558837532997131,0.5334467887878418,0.7881646156311035,-0.08845747262239456,0.581352949142456,0.9803526997566223,-0.05442797392606735,0.5489549040794373,0.9205331206321716,-0.07151158154010773,0.5263040661811829,0.870817244052887,-0.08059302717447281,0.5057648420333862,0.8271684050559998,-0.08990118652582169,0.55049729347229,1.011486530303955,-0.06242293119430542,0.5193144083023071,0.9727405309677124,-0.08153708279132843,0.4993135631084442,0.9363654851913452,-0.08937399834394455,0.47888243198394775,0.9026315808296204,-0.09575269371271133
0.5924409031867981,1.0426803827285767,-1.4989461760706035e-07,0.5986494421958923,0.9598571062088013,-0.01056972611695528,0.5995284914970398,0.8706909418106079,-0.022471603006124496,0.5944879651069641,0.8037998676300049,-0.033049117773771286,0.5949218273162842,0.7485718131065369,-0.046228427439928055,0.6295768022537231,0.90384441614151,-0.052194781601428986,0.6099415421485901,0.8367685079574585,-0.08139145374298096,0.5854554772377014,0.7938846349716187,-0.10099948197603226,0.5627796649932861,0.7619832754135132,-0.11419698596000671,0.6123088002204895,0.9399469494819641,-0.061292245984077454,0.5788455009460449,0.8661366701126099,-0.08729662746191025,0.5468699932098389,0.8159647583961487,-0.10136892646551132,0.5180265307426453,0.7808356285095215,-0.1144958958029747,0.58658367395401,0.975884735584259,-0.0698666125535965,0.5517369508743286,0.9120119214057922,-0.09413310885429382,0.5211631059646606,0.8616008758544922,-0.10453849285840988,0.4939272403717041,0.821972131729126,-0.11363451182842255,0.5555854439735413,1.006972312927246,-0.07818133383989334,0.5249676704406738,0.9663959741592407,-0.1032356321811676,0.5006855130195618,0.9298197627067566,-0.11397836357355118,0.4763145446777344,0.8982264995574951,-0.12171093374490738
0.5958219170570374,1.0428186655044556,-1.8683074642922293e-07,0.6099271178245544,0.970305860042572,-0.008304635994136333,0.6033527255058289,0.889664888381958,-0.02310064062476158,0.586669385433197,0.8310174942016602,-0.037133555859327316,0.5700138211250305,0.786430835723877,-0.05452900379896164,0.6206876039505005,0.882621169090271,-0.06062548980116844,0.5868586897850037,0.8190562129020691,-0.0959339365363121,0.5559724569320679,0.7845348119735718,-0.11960157006978989,0.5268375873565674,0.7592370510101318,-0.13499607145786285,0.6112279295921326,0.9185608625411987,-0.0731726884841919,0.5664918422698975,0.8544463515281677,-0.10518431663513184,0.5283836126327515,0.8120537400245667,-0.12094081193208694,0.49432656168937683,0.7839445471763611,-0.13427555561065674,0.5938602685928345,0.963553786277771,-0.0847473070025444,0.5491244792938232,0.9067105650901794,-0.1137947216629982,0.5121824741363525,0.8615577220916748,-0.12303438782691956,0.47981584072113037,0.8314365148544312,-0.1302708387374878,0.5706708431243896,1.007089376449585,-0.09577031433582306,0.5301325917243958,0.9692270755767822,-0.1259215921163559,0.4982847571372986,0.9341554641723633,-0.1360795795917511,0.46831297874450684,0.9070179462432861,-0.14190346002578735
0.6025103330612183,1.035112738609314,-9.755305541148118e-08,0.6176620721817017,0.966556191444397,-0.0072730653919279575,0.6080904603004456,0.891475260257721,-0.02453605644404888,0.5915629863739014,0.8366931676864624,-0.040866732597351074,0.5744162797927856,0.7872830629348755,-0.06092402711510658,0.6145241260528564,0.8848188519477844,-0.07137352973222733,0.5858429670333862,0.8235572576522827,-0.10927215218544006,0.5565647482872009,0.7885006666183472,-0.1334606111049652,0.5268641710281372,0.7626277804374695,-0.14946796000003815,0.6008646488189697,0.9168347120285034,-0.08565745502710342,0.5606467723846436,0.8564692735671997,-0.12175972014665604,0.5257859230041504,0.8151833415031433,-0.13871082663536072,0.49342623353004456,0.7876710295677185,-0.15311475098133087,0.5843261480331421,0.9579509496688843,-0.09830661118030548,0.5420237183570862,0.9012338519096375,-0.13049215078353882,0.5084697604179382,0.8597560524940491,-0.140545055270195,0.4782146215438843,0.8304779529571533,-0.14889967441558838,0.5654056072235107,0.9996559023857117,-0.11001528054475784,0.5255884528160095,0.9630443453788757,-0.14234670996665955,0.4958704113960266,0.9319896101951599,-0.15355299413204193,0.4683557152748108,0.9080978035926819,-0.1607811599969864
